Depth limiter,Games,Average moves,Average time per move (in seconds),Average time per game (in seconds)
1,1,177.0,1.994350282485876,428.0
2,1,6.0,2.833333333333333,18.0
1,2,134.0,2.048507462686567,356.0
2,2,133.5,2.8801498127340825,418.5
3,2,84.0,3.1726190476190474,320.5
5,2,82.0,5.134146341463414,468.0
10,2,104.5,9.086124401913876,1001.0
